Date,Time,Mood
2025-04-26,13:47:03,neutral
2025-04-26,13:47:44,happy
2025-04-26,13:48:16,happy
2025-04-26,13:52:01,happy
2025-04-26,13:54:55,happy
2025-04-26,13:59:27,happy
2025-04-26,13:59:58,happy
2025-04-26,14:00:35,happy
2025-04-26,14:01:01,neutral
2025-04-26,14:01:26,neutral
2025-04-26,14:04:34,happy
2025-04-26,14:05:00,angry
2025-04-26,14:09:45,neutral
2025-04-26,14:10:13,neutral
2025-04-26,14:11:01,sad
2025-04-26,14:11:40,neutral
2025-04-26,14:12:13,neutral
2025-04-26,14:18:52,angry
2025-04-26,14:19:09,neutral
2025-04-26,14:58:28,sad
2025-04-26,14:58:58,sad
2025-04-26,14:59:13,sad
2025-04-26,15:00:46,neutral
2025-04-26,16:18:24,neutral
2025-04-26,16:18:51,neutral
2025-04-26,16:19:51,neutral
2025-04-26,16:35:35,happy
